{
	"settings": {
		"appearanceTools": true,
		"layout": {
			"contentSize": "620px",
			"wideSize": "1000px"
		},
		"spacing": {
			"units": [
				"%",
				"px",
				"em",
				"rem",
				"vh",
				"vw"
			]
		},
		"typography": {
			"fontFamilies": [
				{
					"fontFamily": "-apple-system, BlinkMacSystemFont, 'Segoe UI', Roboto, Oxygen-Sans, Ubuntu, Cantarell, 'Helvetica Neue', sans-serif",
					"name": "System Font",
					"slug": "system-font"
				}
			]
		}
	},
	"styles": {
		"color": {
			"background": "#222121",
			"text": "var:preset|color|white"
		},
		"elements": {
			"heading": {
				"color": {
					"text": "#ffffff"
				}
			},
			"link": {
				"color": {
					"text": "var:preset|color|white"
				}
			}
		},
		"typography": {
			"fontFamily": "var:preset|font-family|system-font"
		}
	},
	"templateParts": [
		{
			"area": "header",
			"name": "header"
		},
		{
			"area": "footer",
			"name": "footer"
		}
	],
	"version": 2,
	"$schema": "https://schemas.wp.org/trunk/theme.json"
}